title,description,property_type,price,area_sqft,city,locality,status
Environment doctor how human.,"Realize close contain order second spend according. Purpose focus ahead still indeed beyond standard.
Also adult area notice south huge. Book area food individual.",villa,8952245.32,2773.88,East Jessica,Robinson Estates,sold
Far issue forward team.,Owner sport of laugh item full these note. Piece forget responsibility fish. Within face you dog down player.,villa,1714878.5,2919.37,West Jamesville,Paul Lights,rented
Majority win tell himself.,"Design PM almost lay. Scene statement community skin.
Bit nor religious effort serious lot together.",plot,1483374.99,2425.98,,Diaz Camp,available
Suddenly development hand.,"Write safe reveal modern. Sense party law threat economy listen modern. Law position several pressure.
At much whatever trade line certain approach. Popular eat eight any. Create wait account.",villa,1830971.2,3657.23,West Theresa,Anthony Ferry,sold
Base cost.,"Story democratic peace six. Here probably road wear mouth step here. Theory pull explain that game.
Defense quickly federal. Page window water big. Firm dinner teacher exist choose.",villa,9016869.74,1143.94,Dustinburgh,Bell Alley,rented
Particular lose world.,Two think common face model reveal sense. Financial scientist traditional present. Staff surface inside according.,villa,-999999.0,3210.09,Port Misty,Sylvia Oval,rented
Tend politics.,"Entire former would church expect fall.
Card citizen party. Perhaps group debate machine summer may old. Direction treatment free behind cover pull decide.",plot,3502904.17,2382.24,Staceybury,Johnson Rue,rented
Near strategy.,"Opportunity second throughout.
Receive real entire animal. Foot court hand bag every best daughter. Truth source director history protect every.",apartment,1166270.92,4546.15,West Connieburgh,Matthew Divide,available
Raise size.,Land suggest turn charge five owner need. Often heart hour personal benefit.,commercial,6588796.16,1729.1,Fordmouth,Taylor River,unknow
Entire successful investment whatever.,"With way treatment.
Machine writer it age of would another toward. After you son.
Rest interest minute increase. Task response value specific blood stay about.",commercial,9839738.5,4658.5,West William,Davidson Plains,available
